[{"id":1,"title":"Consequat vel illum dolore eu feugiat.","content":"Typi Non Habent Claritatem Insitam; Est Usus Legentis In Iis Qui Facit Eorum Claritatem. Investigationes Demonstraverunt Lectores Legere Me Lius Quod Ii Legunt Saepius. Claritas Est Etiam Processus Dynamicus, Qui Sequitur Mutationem Consuetudium Lectorum. Mirum Est Notare Quam Littera Gothica, Quam Nunc Putamus Parum Claram, Anteposuerit Litterarum Formas Humanitatis Per Seacula Quarta Decima Et Quinta Decima. Eodem Modo Typi, Qui Nunc Nobis Videntur Parum Clari, Fiant Sollemnes In Futurum.","category":"sport","view":525,"image":"images\/1.jpg","date":"2021-06-15 10:00:00"},{"id":2,"title":"In hendrerit in vulputate velit esse molestie.","content":"Duis Autem Vel Eum Iriure Dolor In Hendrerit In Vulputate Velit Esse Molestie Consequat, Vel Illum Dolore Eu Feugiat Nulla Facilisis At Vero Eros Et Accumsan Et Iusto Odio Dignissim Qui Blandit Praesent Luptatum Zzril Delenit Augue Duis Dolore Te Feugait Nulla Facilisi. Nam Liber Tempor Cum Soluta Nobis Eleifend Option Congue Nihil Imperdiet Doming Id Quod Mazim Placerat Facer Possim Assum.","category":"social","view":114,"image":"images\/2.jpg","date":"2021-06-06 15:07:00"},{"id":3,"title":"Duis autem vel eum iriure dolor.","content":"Lorem Ipsum Dolor Sit Amet, Consectetuer Adipiscing Elit, Sed Diam Nonummy Nibh Euismod Tincidunt Ut Laoreet Dolore Magna Aliquam Erat Volutpat. Ut Wisi Enim Ad Minim Veniam, Quis Nostrud Exerci Tation Ullamcorper Suscipit Lobortis Nisl Ut Aliquip Ex Ea Commodo Consequat.","category":"political","view":602,"image":"images\/3.jpg","date":"2021-06-26 14:20:00"},{"id":4,"title":"Ut aliquip ex ea commodo consequat.","content":"Lorem ipsum dolor sit amet, consectetuer adipiscing elit, sed diam nonummy nibh euismod tincidunt ut laoreet dolore magna aliquam erat volutpat. Ut wisi enim ad minim veniam, quis nostrud exerci tation ullamcorper suscipit lobortis nisl ut aliquip ex ea commodo consequat.","category":"political","view":350,"image":"images\/4.jpg","date":"2021-04-08 16:50:00"},{"id":5,"title":"Tation ullamcorper suscipit lobortis nisl.","content":"Duis autem vel eum iriure dolor in hendrerit in vulputate velit esse molestie consequat, vel illum dolore eu feugiat nulla facilisis at vero eros et accumsan et iusto odio dignissim qui blandit praesent luptatum zzril delenit augue duis dolore te feugait nulla facilisi.","category":"sport","view":100,"image":"images\/5.jpg","date":"2021-06-21 17:12:00"},{"id":6,"title":"Ut wisi enim ad minim veniam quis nostrud exerci.","content":"Nam liber tempor cum soluta nobis eleifend option congue nihil imperdiet doming id quod mazim placerat facer possim assum. Typi non habent claritatem insitam; est usus legentis in iis qui facit eorum claritatem. Investigationes demonstraverunt lectores legere me lius quod ii legunt saepius.","category":"sport","view":235,"image":"images\/6.jpg","date":"2021-06-10 22:07:00"},{"id":7,"title":"Magna aliquam erat volutpat.","content":"Claritas est etiam processus dynamicus, qui sequitur mutationem consuetudium lectorum. Mirum est notare quam littera gothica, quam nunc putamus parum claram, anteposuerit litterarum formas humanitatis per seacula quarta decima et quinta decima. Eodem modo typi, qui nunc nobis videntur parum clari, fiant sollemnes in futurum.","category":"political","view":311,"image":"images\/7.jpg","date":"2021-06-15 16:42:00"},{"id":8,"title":"Tincidunt ut laoreet dolore.","content":"Lorem ipsum dolor sit amet, consectetuer adipiscing elit, sed diam nonummy nibh euismod tincidunt ut laoreet dolore magna aliquam erat volutpat. Ut wisi enim ad minim veniam, quis nostrud exerci tation ullamcorper suscipit lobortis nisl ut aliquip ex ea commodo consequat.","category":"sport","view":250,"image":"images\/8.jpg","date":"2021-06-12 14:42:00"},{"id":9,"title":"Elit sed diam nonummy nibh euismod.","content":"Duis autem vel eum iriure dolor in hendrerit in vulputate velit esse molestie consequat, vel illum dolore eu feugiat nulla facilisis at vero eros et accumsan et iusto odio dignissim qui blandit praesent luptatum zzril delenit augue duis dolore te feugait nulla facilisi. Nam liber tempor cum soluta nobis eleifend option congue nihil imperdiet doming id quod mazim placerat facer possim assum.","category":"political","view":514,"image":"images\/9.jpg","date":"2021-06-02 12:42:00"},{"id":10,"title":"Lorem ipsum dolor sit amet consectetuer adipiscing.","content":"Typi non habent claritatem insitam; est usus legentis in iis qui facit eorum claritatem. Investigationes demonstraverunt lectores legere me lius quod ii legunt saepius. Claritas est etiam processus dynamicus, qui sequitur mutationem consuetudium lectorum. Mirum est notare quam littera gothica, quam nunc putamus parum claram, anteposuerit litterarum formas humanitatis per seacula quarta decima et quinta decima. Eodem modo typi, qui nunc nobis videntur parum clari, fiant sollemnes in futurum.","category":"political","view":320,"image":"images\/10.jpg","date":"2021-05-15 15:29:00"}]